{
    "defects_by_type": {
        "Structural": 334,
        "Functional": 318,
        "Cosmetic": 290
    },
    "cost_by_position": {
        "Component": 153051.02999999997,
        "Internal": 147072.37999999995,
        "Surface": 152520.79000000012
    },
    "total_valid_defects": 942,
    "total_rejected_defects": 60
}