{
    "defects_by_type": {
        "Structural": 351,
        "Functional": 337,
        "Cosmetic": 307
    },
    "cost_by_position": {
        "Component": 171548.56999999998,
        "Internal": 160750.74999999994,
        "Surface": 172002.26000000015
    },
    "total_valid_defects": 995,
    "total_rejected_defects": 7
}